{
    "spam": -1.3648141096338007,
    "ham": -0.29494592809998993
}