{
    "spam": -0.6779383706375125,
    "ham": -0.7085908752975717
}